chr1,pos1_start,pos1_end,chr2,pos2_start,pos2_end,sample,Pair,DorR,SV type,strand1,strand2,gene1,gene2
20,31826218,31826223,20,31827511,31827516,PD45793b_lo0287,Pair11,R,DEL,+,-,BPIFA1_intron,BPIFA1_intron
3,69976136,69976137,3,69980530,69980531,PD45794b_lo0017,Pair13,D,DEL,+,-,MITF_intron,MITF_intron
2,169882065,169882068,2,169938007,169938010,PD45795b_lo0007,Pair13,R,DUP,-,+,ABCB11_intron,DHRS9_intron
1,195034872,195034873,1,195120382,195120383,PD45795b_lo0074,Pair13,R,INV,-,-,NA,NA
8,128363595,128363597,8,128513426,128513428,PD45795b_lo0100,Pair13,R,INV,-,-,NA,NA
15,89058156,89058158,16,27985389,27985391,PD45795b_lo0103,Pair13,R,CTX,+,+,DET1_intron,GSG1L_intron
2,169882065,169882068,2,169938007,169938010,PD45795b_lo0108,Pair13,R,DUP,-,+,ABCB11_intron,DHRS9_intron
15,89058156,89058158,16,27985389,27985391,PD45795b_lo0216,Pair13,R,CTX,+,+,DET1_intron,GSG1L_intron
3,147869509,147869512,X,105678560,105678563,PD45798b_lo0065,Pair21,D,CTX,-,-,NA,NA
3,147869509,147869512,X,105678560,105678563,PD45798b_lo0066,Pair21,D,CTX,-,-,NA,NA
8,142713121,142713122,8,143228669,143228670,PD45799b_lo0103,Pair21,R,INV,-,-,NA,NA
6,36186590,36186592,6,36445629,36445631,PD45799b_lo0104,Pair21,R,INV,+,+,BRPF3_intron,KCTD20_intron
11,62561419,62561420,11,62573356,62573357,PD45804b_lo0012,Pair28,D,DEL,+,-,TMEM223_prox_upNXF1_intronTMEM179B_prox_down,NXF1_prox_upSTX5_prox_down
13,22584005,22584006,13,99467898,99467899,PD45804b_lo0078,Pair28,D,INV,+,+,NA,DOCK9_intron
6,29932707,29932708,6,29933863,29933864,PD45805b_lo0073,Pair28,R,DEL,+,-,NA,NA
14,35845313,35845316,14,41945647,41945650,PD45807b_lo0113,Pair28,R,INV,+,+,NA,NA
3,117718300,117718302,3,117722075,117722077,PD45807b_lo0141,Pair31,R,DEL,+,-,NA,NA
2,47635692,47635693,4,80903862,80903863,PD45807b_lo0235,Pair31,R,CTX,+,+,MSH2_cds,ANTXR2_intron
3,12557400,12557402,3,40466885,40466887,PD45808b_lo0071,Pair38,D,INV,-,-,TSEN2_intron,NA
14,71693123,71693128,3,40466880,40466885,PD45808b_lo0071,Pair38,D,CTX,-,+,NA,NA
11,59214263,59214264,12,52127519,52127520,PD45809b_lo0181,Pair38,R,CTX,+,-,NA,SCN8A_intron
11,59214306,59214308,12,52127674,52127676,PD45809b_lo0181,Pair38,R,CTX,-,+,NA,SCN8A_intron
2,145152960,145152963,8,128463568,128463571,PD45810b_lo0054,Pair40,D,CTX,+,-,ZEB2_intron,NA
7,13783664,13783669,7,127462434,127462439,PD45811b_lo0018,Pair40,R,INV,-,-,NA,SND1_intron
1,27407277,27407278,1,28343882,28343883,PD45812b_lo0234,Pair41,D,DEL,+,-,NA,EYA3_intron
4,172350285,172350286,4,185171478,185171479,PD45813b_lo0126,Pair41,R,DEL,+,-,NA,NA
11,2996002,2996005,11,3001479,3001482,PD45813b_lo0186,Pair41,R,DEL,+,-,NAP1L4_intron,NAP1L4_intron